id,name,link
1,Canon,cfdf55df76016aba811fae689db11524
2,Carnaval,44d3c40d93974263db11c288c3365afc
3,Canopée,f75aff258778badd2895854fe1420401
4,Course,3a89897b62fe3b0800e7cb4ac0cce5c2
5,Berets,e4baf6767cf6d3c65a5d7b3bf9d5489e
6,Vent,b29d4126cb1926b3f74912623d92f977
7,Pré,287bcf419be6b712637f6020448c2faa
8,Mont,e72174792a75796e3df6fcde9d99c066
9,Foule,03e963b190b52682cb22be2c9707552e
10,Train,15427f73e0934e1dbef4bdef74d6ac73
11,Mouton,a28eef154d1cddcf5c944d81fb24de4e
12,Canon,cfdf55df76016aba811fae689db11524
13,Carnaval,44d3c40d93974263db11c288c3365afc
14,Course,3a89897b62fe3b0800e7cb4ac0cce5c2
15,Berets,e4baf6767cf6d3c65a5d7b3bf9d5489e
16,Vent,b29d4126cb1926b3f74912623d92f977
17,Pré,287bcf419be6b712637f6020448c2faa
18,Mont,e72174792a75796e3df6fcde9d99c066
19,Foule,03e963b190b52682cb22be2c9707552e
20,Train,15427f73e0934e1dbef4bdef74d6ac73
21,Mouton,a28eef154d1cddcf5c944d81fb24de4e
22,Canopée,f75aff258778badd2895854fe1420401
23,Foule,03e963b190b52682cb22be2c9707552e
24,Train,15427f73e0934e1dbef4bdef74d6ac73
25,Mouton,a28eef154d1cddcf5c944d81fb24de4e
26,Canopée,f75aff258778badd2895854fe1420401
